{"skins":[{"attachments":{"Lion-head":{"Lion-head":{"triangles":[26,27,32,36,26,32,25,26,36,23,24,25,23,25,36,22,23,36,21,22,36,21,36,32,33,21,32,2,34,1,37,2,3,34,2,37,3,4,5,5,6,3,6,8,3,8,37,3,6,7,8,9,37,8,34,37,9,34,9,10,33,32,27,11,35,10,1,34,35,30,0,35,33,20,21,17,20,33,31,33,28,29,31,28,31,15,33,15,17,33,16,17,15,29,30,35,31,29,35,35,15,31,14,15,35,13,14,35,18,19,17,17,19,20,28,33,27,12,13,35,11,12,35,0,1,35,35,34,10],"uvs":[0.9041,0.10937,0.91758,0.14731,0.92526,0.16891,0.93998,0.16691,0.96759,0.16315,1,0.19388,1,0.28416,0.96759,0.32642,0.91016,0.33088,0.89352,0.33218,0.90114,0.35873,0.94643,0.51657,0.93055,0.67216,0.81239,0.89305,0.60428,1,0.23745,1,0.0311,0.80469,0.05756,0.57804,0.03287,0.53194,0.03639,0.4263,0.08631,0.32813,0.09988,0.30144,0.08587,0.29552,0,0.25919,0,0.13818,0.09285,0.13479,0.10517,0.13434,0.12257,0.12319,0.25508,0.0383,0.39088,0,0.68894,0,0.34856,0.03061,0.15907,0.22743,0.17939,0.23227,0.81371,0.27663,0.78724,0.27774,0.13755,0.23033,0.83844,0.271],"vertices":[1,4,87.75,-48.55,1,1,4,84.1,-50.43,1,1,5,13.38,7.42,1,2,4,82.4,-53.1,6.8E-4,5,14.97,7.02,0.99932,2,4,83.1,-56.07,0.00194,5,17.93,6.28,0.99806,1,5,20.13,2.09,1,1,5,16.83,-6.41,1,1,5,11.96,-9.09,1,1,5,5.91,-7.22,1,1,5,4.15,-6.68,1,2,4,62.68,-50.92,0.98311,5,3.96,-9.49,0.01689,1,4,47.36,-57.59,1,1,4,31.55,-57.54,1,1,4,7.98,-47,1,1,4,-5.22,-25.4,1,1,4,-9.55,14.72,1,1,4,7.63,39.4,1,1,4,30.7,38.96,1,1,4,35.04,42.16,1,1,4,45.69,42.92,1,1,4,56.14,38.52,1,1,6,1.47,5.54,1,1,6,3.1,5.8,1,1,6,13.11,7.38,1,1,6,19.26,-3.19,1,1,6,10.6,-8.62,1,1,6,9.46,-9.34,1,1,4,77.15,36.78,1,1,4,87.23,23.2,1,1,4,92.68,8.76,1,1,4,96.2,-23.83,1,1,4,89.11,13.06,1,1,6,-0.4,-4.2,1,1,4,66.86,29.38,1,1,5,-2,1.73,1,1,4,69.47,-37.59,1,1,6,1.5,-2.75,1,1,5,0.75,1.27,1],"width":110,"edges":[58,62,62,56,46,48,38,36,36,34,34,32,32,30,28,30,28,26,26,24,24,22,14,12,12,10,10,8,58,60,0,60,56,58,52,64,64,42,52,54,54,56,54,66,38,40,40,42,66,40,4,68,68,18,0,2,2,4,2,70,18,20,20,22,70,20,48,50,50,52,50,72,42,44,44,46,72,44,4,6,6,8,6,74,14,16,16,18,74,16],"type":"mesh","hull":31,"height":101}},"Lion-eye-R":{"Lion-eye-R":{"x":18.88,"width":30,"y":1.93,"height":31}},"Lion-body":{"Lion-body":{"triangles":[45,32,31,44,45,48,44,41,45,41,33,45,43,40,44,44,40,41,43,37,40,45,33,32,33,41,34,35,34,41,37,36,40,41,40,35,40,36,35,25,24,26,27,26,22,26,24,22,24,23,22,22,51,27,51,28,27,22,21,51,21,42,49,51,21,50,50,21,49,28,51,29,49,47,50,29,51,48,51,50,48,50,47,48,49,46,47,48,30,29,46,44,47,47,44,48,30,48,31,31,48,45,13,12,19,12,20,19,20,42,21,11,42,12,42,46,49,10,9,11,11,9,8,11,8,5,6,5,7,8,7,5,5,4,11,46,11,4,4,3,1,46,4,39,39,38,43,4,1,0,4,0,39,1,3,2,39,43,46,46,43,44,43,38,37,42,11,46,12,42,20,18,13,19,17,13,18,17,16,13,16,15,13,15,14,13],"uvs":[0.21734,0.15349,0,0.54537,7.1E-4,0.68412,0.17496,0.77599,0.24246,0.73662,0.25501,0.82849,0.22676,0.88287,0.27254,0.94066,0.35287,0.95811,0.46788,0.99736,0.57376,0.94938,0.56543,0.80194,0.71142,0.76631,0.71612,0.80944,0.66746,0.85069,0.68787,0.89756,0.73967,0.93131,0.83229,0.89756,0.84458,0.84033,0.83975,0.76783,0.83762,0.74389,0.85929,0.74759,0.86348,0.76837,0.84603,0.7956,0.85426,0.86064,0.89822,0.90506,0.9563,0.87881,1,0.79631,0.99868,0.53944,0.97828,0.50194,0.96415,0.43069,0.98455,0.39506,0.92961,0.26381,0.88723,0.20756,0.93903,0.13069,0.90607,0.00319,0.74281,0.00131,0.71769,0.07444,0.50892,0.09319,0.42729,0.15319,0.75535,0.16793,0.80791,0.20873,0.63311,0.66681,0.62456,0.29676,0.78755,0.34042,0.88961,0.2913,0.65503,0.45505,0.79821,0.48598,0.91703,0.44959,0.70073,0.61334,0.82259,0.63699,0.91246,0.65155],"vertices":[1,7,81.09,0.15,1,1,7,85.11,67.72,1,2,7,74.98,84.95,0.99969,8,-72.41,-98.19,3.1E-4,1,7,42.41,81.35,1,1,7,35.22,70.62,1,1,7,26.71,80.98,1,1,7,26.98,90.19,1,1,7,16,93.44,1,1,7,2.78,88.68,1,1,7,-17.16,83.64,1,1,7,-29.45,68.53,1,1,7,-17.56,50.88,1,1,7,-36.7,33.85,1,1,7,-40.52,38.81,1,1,7,-36.26,48.15,1,1,7,-42.68,52.23,1,1,7,-52.83,51.96,1,1,7,-64.17,39.76,1,1,7,-61.86,31.57,1,1,7,-55.97,22.87,1,1,7,-54,19.97,1,2,7,-57.35,18.75,6.4E-4,8,47.25,-11.17,0.99936,2,7,-59.47,20.98,5.0E-5,8,49.71,-13.01,0.99995,1,8,50.02,-17.73,1,1,8,57.02,-24.14,1,1,8,66.85,-24.38,1,1,8,72.15,-15.1,1,1,8,70.37,-1.16,1,2,8,46.64,27.21,0.93069,9,-22.4,-62,0.06931,2,8,40.49,29.14,0.88707,9,-19.93,-56.06,0.11293,2,8,32.08,35.5,0.74664,9,-12.83,-48.26,0.25336,2,8,31.52,41.69,0.52462,9,-6.62,-48.26,0.47538,2,8,12.2,50.24,0.3173,9,3.65,-29.79,0.6827,2,8,1.42,51.84,0.16876,9,6.21,-19.2,0.83124,2,8,1.23,66.05,0.01724,9,20.38,-20.3,0.98276,1,9,32.33,-5.25,1,2,7,13.9,-64.15,0.0052,9,16.7,18.08,0.9948,2,7,12.36,-52.88,0.08637,9,5.57,15.7,0.91363,2,7,42.06,-32.52,0.75998,9,-16.94,43.81,0.24002,2,7,49.87,-18,0.93771,9,-32,50.52,0.06229,3,7,0,-44.48,0.03761,8,-19.71,41.79,0.00335,9,-1.88,2.75,0.95904,3,7,-10.77,-43.93,0.00818,8,-8.99,43.02,0.09823,9,-1.63,-8.03,0.89359,1,7,-17.86,28.21,1,3,7,10.15,-17.15,0.72035,8,-25.23,13.16,0.03354,9,-29.9,10.84,0.2461,3,7,-17.26,-25.77,0.10533,8,0.39,26.17,0.21736,9,-19.26,-15.85,0.67731,3,7,-28.89,-40.7,6.7E-4,8,9.41,42.81,0.27736,9,-3.51,-26.34,0.72197,3,7,-5.82,-0.06,0.53717,8,-6.67,-1.07,0.45523,9,-45.75,-6.36,0.0076,2,8,15.15,11.18,0.91844,9,-35.52,-29.2,0.08156,2,8,27.57,28.24,0.7886,9,-19.65,-43.11,0.2114,2,7,-24.06,15.71,0.11365,8,13.91,-13.64,0.88635,2,7,-43.9,8.14,0.00149,8,32.24,-2.91,0.99851,2,8,45.49,5.32,0.99448,9,-44.1,-58.88,0.00552],"width":172,"edges":[0,2,2,4,4,6,6,8,8,10,10,12,12,14,14,16,16,18,18,20,20,22,22,24,24,26,26,28,28,30,30,32,32,34,50,52,52,54,54,56,56,58,58,60,60,62,62,64,64,66,66,68,68,70,70,72,72,74,74,76,76,78,0,78,74,80,80,82,82,66,84,42,42,44,44,46,34,36,38,36,38,40,46,48,48,50,40,42],"type":"mesh","hull":40,"height":144}},"Lion-eye-L":{"Lion-eye-L":{"x":-33.18,"width":20,"y":2,"height":28}}},"name":"default"}],"skeleton":{"images":"./image-tet-theme-man/","x":-106.42,"width":193.42,"y":-70.62,"spine":"3.8.99","audio":"/Users/homick/Downloads/Tet-man-theme","hash":"AqOB24EBKxrvlICvaoUn/IikOLQ","height":149.95},"slots":[{"attachment":"Lion-body","name":"Lion-body","bone":"Lion-body"},{"attachment":"Lion-head","name":"Lion-head","bone":"Lion-head"},{"attachment":"Lion-eye-L","name":"Lion-eye-L","bone":"Lion-head"},{"attachment":"Lion-eye-R","name":"Lion-eye-R","bone":"Lion-head"}],"bones":[{"name":"root"},{"parent":"root","color":"65f6ffff","name":"LION","x":1,"y":1},{"parent":"LION","color":"65f6ffff","name":"Lion-body"},{"parent":"LION","color":"65f6ffff","name":"Lion-head","x":-52.42,"y":27.33},{"parent":"Lion-head","color":"65f6ffff","rotation":83.84,"name":"Lion-head2","length":83.1,"x":-13.23,"y":-42.09},{"parent":"Lion-head2","color":"65f6ffff","rotation":-61.03,"name":"Lion-head3","length":15.64,"x":69.27,"y":-43.04},{"parent":"Lion-head2","color":"65f6ffff","rotation":65.96,"name":"Lion-head4","length":17.18,"x":63.44,"y":33.73},{"parent":"LION","rotation":149.88,"name":"lion-body","length":64.63,"x":21.6,"y":9.34},{"parent":"lion-body","rotation":170.55,"name":"bone3","length":52.43,"x":-12.58,"y":-0.02},{"parent":"lion-body","rotation":-94.26,"name":"bone4","length":22.28,"x":-2.88,"y":-46.15}],"animations":{"animation":{"slots":{"Lion-eye-R":{"color":[{"color":"ffffff00","curve":"stepped"},{"color":"ffffff00","time":0.3333},{"color":"ffffffff","time":0.4333},{"color":"ffffff00","curve":"stepped","time":0.5333},{"color":"ffffff00","time":1.7333},{"color":"ffffffff","time":1.8333},{"color":"ffffff00","curve":"stepped","time":1.9333},{"color":"ffffff00","time":2.1},{"color":"ffffffff","time":2.2},{"color":"ffffff00","curve":"stepped","time":2.2667},{"color":"ffffff00","time":3.5333},{"color":"ffffffff","time":3.6333},{"color":"ffffff00","time":3.7333}]},"Lion-eye-L":{"color":[{"color":"ffffff00","curve":"stepped"},{"color":"ffffff00","time":0.3333},{"color":"ffffffff","time":0.4333},{"color":"ffffff00","curve":"stepped","time":0.5333},{"color":"ffffff00","time":1.7333},{"color":"ffffffff","time":1.8333},{"color":"ffffff00","curve":"stepped","time":1.9333},{"color":"ffffff00","time":2.1},{"color":"ffffffff","time":2.2},{"color":"ffffff00",